2,AA,90,0.039112668,-0.006421483,0.019848219,0.097147864,0.089842053,0.08131839,18.58,18.16,17.12,17.03,0.053373,2.87026,2,1
2,AA,97,0.060275545,0,0.028702641,0.121507212,0.097140687,0.250837482,19.06,18.58,18.16,17.12,0.017664,-8.52713,-2,0
2,AA,104,0.007198228,-0.093023256,-0.085271318,0.200328356,0.121513696,0.648607213,17.57,19.06,18.58,18.16,-0.0087443,3.72861,2,1
2,AA,110,0.037286064,-0.029339853,0.037286064,0.080135434,0.200312836,-0.599948583,18.05,17.57,19.06,18.58,-0.060948,0.354191,1,1
2,AA,118,0.017709563,-0.016528926,0.003541913,0.085406096,0.080143896,0.065659393,18.08,18.05,17.57,19.06,0.03454,-0.694847,-1,0
2,AA,125,0.039953677,-0.025477707,-0.006948466,0.211604635,0.085403893,1.477693094,18.24,18.08,18.05,17.57,-0.000091374,-0.34965,-1,0
2,AA,132,0.026806527,-0.023892774,-0.003496503,0.1049415,0.211567667,-0.503981392,18.19,18.24,18.08,18.05,0.0061221,-4.35294,-2,0
2,AA,139,0.017058824,-0.043529412,-0.043529412,0.11117048,0.104920003,0.059573745,17.3,18.19,18.24,18.08,-0.020011,3.25815,2,1
2,AA,146,0.032581454,-0.008145363,0.032581454,0.072610393,0.111196299,-0.347007108,17.53,17.3,18.19,18.24,-0.036001,-4.8416,-2,0
2,AA,153,0.005977286,-0.057381949,-0.048416019,0.072549867,0.072628923,-0.001088486,16.93,17.53,17.3,18.19,0.0076965,-4.0201,-2,0
2,AA,160,0.006909548,-0.047110553,-0.040201005,0.089301934,0.072547175,0.230949846,16.25,16.93,17.53,17.3,-0.043639,-3.72793,-2,0
2,AA,167,0.013734467,-0.045781557,-0.037279267,0.104594316,0.089270286,0.171658803,15.66,16.25,16.93,17.53,-0.03784,3.81731,2,1
2,AA,174,0.063394683,-0.007498296,0.038173142,0.093470569,0.104610896,-0.106492995,16.2,15.66,16.25,16.93,-0.011715,7.16163,2,1
2,AXP,90,0.016469038,-0.009442249,-0.003952569,0.023910252,0.025623851,-0.066875148,54.52,54.82,53.11,53.24,0.024565,1.46898,2,1
2,AXP,97,0.019294014,-0.011181758,0.014689761,0.025885138,0.02390844,0.082677815,55.63,54.52,54.82,53.11,-0.002966,-0.237274,-1,0
2,AXP,104,0.012726488,-0.016393443,-0.002372735,0.024203202,0.025886972,-0.065043158,55.59,55.63,54.52,54.82,0.017287,2.74809,2,1
2,AXP,110,0.035550709,-0.012649945,0.027480916,0.019074694,0.024200498,-0.211805703,56.63,55.59,55.63,54.52,0.0022662,4.00509,2,1
2,AXP,118,0.041534223,-0.008900191,0.040050858,0.027010903,0.019074079,0.416105184,59,56.63,55.59,55.63,0.028192,1.68118,2,1
2,AXP,125,0.022280737,-0.005874013,0.016811829,0.036597941,0.027009279,0.355013605,60.35,59,56.63,55.59,0.03731,-1.13863,-2,0
2,AXP,132,0.007990412,-0.016779864,-0.011386336,0.029472018,0.036601906,-0.194795531,59.49,60.35,59,56.63,0.007346,3.58155,2,1
2,AXP,139,0.051598543,-0.005058681,0.035815459,0.030415887,0.029468907,0.032134889,61.54,59.49,60.35,59,-0.0041978,0.768624,1,1
2,AXP,146,0.012613323,-0.018722901,0.007686244,0.021925824,0.030414832,-0.279107512,61.47,61.54,59.49,60.35,0.02971,-4.10586,-2,0
2,AXP,153,0.006032302,-0.045728741,-0.041058572,0.020976143,0.021927999,-0.04340821,59.24,61.47,61.54,59.49,-0.018579,-2.82923,-2,0
2,AXP,160,0.005088541,-0.036637492,-0.028292286,0.028140661,0.020975687,0.341584747,57.39,59.24,61.47,61.54,-0.040028,1.12594,2,1
2,AXP,167,0.024603837,-0.021684737,0.011259383,0.031367249,0.02814241,0.114590008,58.3,57.39,59.24,61.47,-0.014099,-0.0206825,0,0
2,AXP,174,0.037228542,-0.004136505,-0.000206825,0.029013913,0.031365992,-0.074988197,58.11,58.3,57.39,59.24,0.016937,7.93978,2,1
2,BA,90,0.018367347,-0.006394558,0.006938776,0.02790025,0.033093859,-0.156935736,54.62,54,50.88,52.75,0.057091,0.122649,1,1
2,BA,97,0.020032706,-0.009130553,0.001226492,0.028754031,0.027901009,0.030573147,54.22,54.62,54,50.88,-0.0025021,-1.42566,-2,0
2,BA,104,0.008553971,-0.037610319,-0.014256619,0.026411724,0.028752931,-0.081424965,53.58,54.22,54.62,54,-0.0119,3.74037,2,1
2,BA,110,0.03740374,-0.013338834,0.03740374,0.022953546,0.026400328,-0.130558294,55.7,53.58,54.22,54.22,0.0043088,5.65488,2,1
2,BA,118,0.063965038,-0.010991922,0.056548801,0.041316334,0.022955251,0.799864156,58.9,55.7,53.58,53.58,0.049915,-1.29434,-2,0
2,BA,125,0.003733665,-0.028126945,-0.012943373,0.0343992,0.041318456,-0.167461637,58.55,58.9,55.7,55.7,0.037295,-0.353045,-1,0
2,BA,132,0.013995713,-0.010465263,-0.00353045,0.024878131,0.034395246,-0.27669856,58.35,58.55,58.9,58.9,-0.015139,-1.44928,-2,0
2,BA,139,0.001906941,-0.035977625,-0.014492754,0.027077269,0.024880359,0.088298958,57.23,58.35,58.55,58.55,-0.0081777,0.574788,1,1
2,BA,146,0.005747877,-0.018549967,0.005747877,0.021518725,0.02707666,-0.205266619,56.84,57.23,58.35,58.35,-0.017592,-3.80463,-2,0
2,BA,153,0.007069409,-0.047686375,-0.038046272,0.024129947,0.021519778,0.121291614,55.25,56.84,57.23,57.23,-0.011454,-2.76886,-2,0
2,BA,160,0.00682183,-0.028758694,-0.027688604,0.025157032,0.024126701,0.042705037,53.67,55.25,56.84,56.84,-0.031219,1.50561,2,1
2,BA,167,0.033534082,-0.005064331,0.015056118,0.034379301,0.025159496,0.366454303,54.75,53.67,55.25,55.25,-0.012169,-3.65062,-2,0
2,BA,174,0.014332071,-0.049621417,-0.03650622,0.04154957,0.034378662,0.208586022,52.61,54.75,53.67,53.67,0.0081448,3.96137,2,1
2,BAC,90,0.014157973,-0.019374069,-0.003725782,0.049318063,0.070835436,-0.303765657,135.46,135.02,142.1,145.54,-0.035592,0.597015,1,1
2,BAC,97,0.035820896,-0.002238806,0.005970149,0.047377707,0.04931607,-0.039304888,136.58,135.46,135.02,142.1,0.013512,-5.03704,-2,0
2,BAC,104,0.01037037,-0.05037037,-0.05037037,0.066186946,0.047378746,0.396975462,129.89,136.58,135.46,135.02,-0.010031,-2.22399,-2,0
2,BAC,110,0.000794281,-0.034948372,-0.022239873,0.061678065,0.066188416,-0.068144108,124.72,129.89,136.58,135.46,-0.054803,-0.324675,-1,0
2,BAC,118,0.022727273,-0.007305195,-0.003246753,0.055027094,0.061676108,-0.107805341,124.42,124.72,129.89,136.58,-0.024113,-0.404531,-1,0
2,BAC,125,0.028317152,-0.012944984,-0.004045307,0.056964294,0.055020017,0.035337624,124.74,124.42,124.72,129.89,0.0055303,-2.85016,-2,0
2,BAC,132,0.012214984,-0.030130293,-0.028501629,0.061552079,0.056963999,0.080543499,120.89,124.74,124.42,124.72,-0.0077495,-2.60723,-2,0
2,BAC,139,0.018502944,-0.030277544,-0.02607233,0.065031982,0.061553838,0.056505718,117.34,120.89,124.74,124.42,-0.035634,1.91805,2,1
2,BAC,146,0.019180471,-0.015693112,0.019180471,0.047311597,0.065034523,-0.272515661,118.45,117.34,120.89,124.74,-0.015606,-4.97051,-2,0
2,BAC,153,0.0042123,-0.066554339,-0.049705139,0.058859346,0.047309791,0.244126106,114.3,118.45,117.34,120.89,0.0011029,-3.39893,-2,0
2,BAC,160,0.001788909,-0.068872987,-0.033989267,0.08617513,0.058857286,0.464136985,109.44,114.3,118.45,117.34,-0.044435,-1.92837,-2,0
2,BAC,167,0.021120294,-0.044995409,-0.019283747,0.087778977,0.086178315,0.018573833,108.22,109.44,114.3,118.45,-0.031786,-0.661001,-1,0
2,BAC,174,0.033050047,-0.010387158,-0.006610009,0.059517746,0.087777928,-0.32195089,106.6,108.22,109.44,114.3,-0.0065325,5.41825,2,1
2,CAT,90,0.036972795,-0.008490049,0.032682125,0.043628617,0.058712936,-0.256916453,72.9,69.69,67.11,63.9,0.036831,-3.45495,-2,0
2,CAT,97,0.001582418,-0.042813187,-0.034549451,0.044649483,0.043630664,0.023351005,70.77,72.9,69.69,67.11,0.021056,-2.55408,-2,0
2,CAT,104,0.002544992,-0.042446828,-0.025540811,0.047635268,0.044648235,0.066901478,69.09,70.77,72.9,69.69,-0.039369,3.63705,2,1
2,CAT,110,0.036370525,-0.032392499,0.036370525,0.037143981,0.047631353,-0.220177909,70.52,69.09,70.77,72.9,-0.0077961,5.64811,2,1
2,CAT,118,0.064170633,-0.011808861,0.056481142,0.053566732,0.037144226,0.442128107,74.38,70.52,69.09,70.77,0.037084,-5.07571,-2,0
2,CAT,125,0.002666896,-0.067532691,-0.050757054,0.061568299,0.053568587,0.149335881,71.11,74.38,70.52,69.09,0.025388,-4.0343,-2,0
2,CAT,132,0.019584838,-0.043140794,-0.04034296,0.059296825,0.061573425,-0.036973735,68.52,71.11,74.38,70.52,-0.056893,-1.45461,-2,0
2,CAT,139,0.022669311,-0.041560404,-0.014546141,0.084212265,0.059289049,0.420367946,67.24,68.52,71.11,74.38,-0.027427,3.25765,2,1
2,CAT,146,0.032576505,-0.009871668,0.032576505,0.046882586,0.084217279,-0.443313931,67.41,67.24,68.52,71.11,-0.0081329,-4.99013,-2,0
2,CAT,153,0.001785546,-0.06822667,-0.049901325,0.055690484,0.046885757,0.187791076,65.15,67.41,67.24,68.52,-0.0058134,-3.45137,-2,0
2,CAT,160,0.013566085,-0.038204489,-0.034513716,0.062734949,0.055683866,0.126627042,62.38,65.15,67.41,67.24,-0.042056,-1.01104,-2,0
2,CAT,167,0.01568142,-0.028164655,-0.010110389,0.06765907,0.062733559,0.078514761,61.84,62.38,65.15,67.41,-0.031326,3.64805,2,1
2,CAT,174,0.062286247,-0.004560058,0.036480464,0.067846759,0.067666082,0.002670134,64.45,61.84,62.38,65.15,0.013533,8.66347,2,1
2,CSCO,90,0.013824885,-0.021313364,-0.01843318,0.05583126,0.051477106,0.084584277,94.2,95.52,94.75,99.23,0.0095569,3.76249,2,1
2,CSCO,97,0.075249853,-0.000587889,0.037624927,0.09768046,0.055832509,0.749526605,97.57,94.2,95.52,94.75,-0.0010762,-3.83964,-2,0
2,CSCO,104,0.002823264,-0.041784303,-0.038396386,0.0586486,0.09768317,-0.399603842,94.14,97.57,94.2,95.52,0.019319,0.35545,1,1
2,CSCO,110,0.004739336,-0.021327014,0.003554502,0.045121636,0.05865016,-0.230664732,93.64,94.14,97.57,94.2,-0.03676,3.48494,2,1
2,CSCO,118,0.041937389,-0.001772002,0.03484938,0.074619253,0.045119816,0.653802261,96.85,93.64,94.14,97.57,0.012555,0.285551,1,1
2,CSCO,125,0.010850942,-0.013135351,0.002855511,0.052767691,0.074983171,-0.29627288,96.6,96.85,93.64,94.14,0.02762,-3.70793,-2,0
2,CSCO,132,0.02624073,-0.050770108,-0.037079293,0.102442032,0.052767251,0.941394132,92.86,96.6,96.85,93.64,-0.020547,-1.72414,-2,0
2,CSCO,139,0.002972652,-0.028537455,-0.017241379,0.067580223,0.102458466,-0.340413476,90.92,92.86,96.6,96.85,-0.038427,0.304692,1,1
2,CSCO,146,0.003046923,-0.018281536,0.003046923,0.042736424,0.06758394,-0.367654145,90.53,90.92,92.86,96.6,-0.011629,-3.49608,-2,0
2,CSCO,153,0.013863773,-0.036769138,-0.03496082,0.046555454,0.042733998,0.089424272,88.06,90.53,90.92,92.86,-0.0088843,-5.73566,-2,0
2,CSCO,160,0.008104738,-0.064214464,-0.057356608,0.074945101,0.046558098,0.609711398,83.16,88.06,90.53,90.92,-0.039889,-1.12285,-2,0
2,CSCO,167,0.009247028,-0.023778071,-0.011228534,0.072973892,0.07494055,-0.026242899,82.34,83.16,88.06,90.53,-0.043577,-0.0669344,0,0
2,CSCO,174,0.046854083,-0.001338688,-0.000669344,0.078128051,0.072973881,0.07063034,82.12,82.34,83.16,88.06,0.00068135,6.15797,2,1
2,CVX,90,0.030545113,-0.008270677,0.018045113,0.017820753,0.019702397,-0.09550328,217.75,214.36,206.37,200.6,0.031351,1.0505,2,1
2,CVX,97,0.013085146,-0.00930704,0.010504976,0.015897246,0.017820246,-0.107910974,220.45,217.75,214.36,206.37,0.010857,-3.18936,-2,0
2,CVX,104,0.001457992,-0.060233279,-0.031893567,0.021199869,0.0158976,0.333526366,213.57,220.45,217.75,214.36,-0.0027595,3.03001,2,1
2,CVX,110,0.032301096,-0.018199142,0.030300143,0.009388729,0.02119981,-0.557131462,217.37,213.57,220.45,217.75,-0.022303,1.92791,2,1
2,CVX,118,0.020769302,-0.006426376,0.019279128,0.013931026,0.009388876,0.483779954,220,217.37,213.57,220.45,0.023543,-6.0285,-2,0
2,CVX,125,0.000822068,-0.07645232,-0.060284984,0.022350047,0.013930545,0.604391397,206.82,220,217.37,213.57,-0.012886,-0.83293,-1,0
2,CVX,132,0.016464891,-0.027506053,-0.008329298,0.02144177,0.022350585,-0.040661781,205.83,206.82,220,217.37,-0.053417,0.529256,1,1
2,CVX,139,0.024502597,-0.023718514,0.005292561,0.019874225,0.021441962,-0.073115375,206.19,205.83,206.82,220,0.0067803,2.05676,2,1
2,CVX,146,0.026994957,-0.004251953,0.020567586,0.014355403,0.019873895,-0.277675423,207.48,206.19,205.83,206.82,0.0043137,-3.45091,-2,0
2,CVX,153,0.005735589,-0.04817895,-0.034509129,0.016020624,0.014355212,0.116014455,203.04,207.48,206.19,205.83,-0.0022412,-1.21903,-2,0
2,CVX,160,0.009613479,-0.019028741,-0.012190287,0.017715564,0.016021128,0.105762605,200.36,203.04,207.48,206.19,-0.023175,-0.869652,-1,0
2,CVX,167,0.012495002,-0.023290684,-0.008696521,0.022307899,0.01771511,0.259258299,199.36,200.36,203.04,207.48,-0.0088041,-0.9911,-1,0
2,CVX,174,0.036205502,-0.019012945,-0.009911003,0.021198234,0.022307552,-0.049728374,196.81,199.36,200.36,203.04,-0.0060908,6.27935,2,1
2,DD,90,0.031232674,-0.007577158,0.019959342,0.026495686,0.027770455,-0.045903774,48.62,47.37,46.39,46.31,0.025093,-0.18018,-1,0
2,DD,97,0.018378378,-0.009009009,-0.001801802,0.02234362,0.026492972,-0.156620862,48.81,48.62,47.37,46.39,0.019292,-1.00992,-2,0
2,DD,104,0.006492335,-0.041118124,-0.010099188,0.027268954,0.022311632,0.222185529,48.43,48.81,48.62,47.37,-0.0036195,3.00295,2,1
2,DD,110,0.031687546,-0.020081061,0.030029477,0.017609924,0.02726893,-0.354212877,49.33,48.43,48.81,48.62,-0.0009798,1.97522,2,1
2,DD,118,0.021368289,-0.020650027,0.0197522,0.0310012,0.017612185,0.760213129,50.1,49.33,48.43,48.81,0.021357,-3.17263,-2,0
2,DD,125,0.010280043,-0.050159518,-0.031726338,0.031167307,0.030997632,0.005473802,48.2,50.1,49.33,48.43,-0.0028277,-3.69494,-2,0
2,DD,132,0.021659993,-0.043502002,-0.036949399,0.030839144,0.03116894,-0.010580901,46.68,48.2,50.1,49.33,-0.044278,0,0,0
2,DD,139,0.023890785,-0.015547971,0,0.031183419,0.030839156,0.011163182,46.53,46.68,48.2,50.1,-0.01996,1.56522,2,1
2,DD,146,0.015652174,-0.024154589,0.015652174,0.028162353,0.031184222,-0.096903781,46.37,46.53,46.68,48.2,0.001556,-5.43437,-2,0
2,DD,153,0.003948853,-0.057728469,-0.054343738,0.02856632,0.028160664,0.014405087,44.37,46.37,46.53,46.68,-0.016602,-1.0338,-2,0
2,DD,160,0.011928429,-0.015506958,-0.010337972,0.031947187,0.028566344,0.118350566,43.92,44.37,46.37,46.53,-0.03847,-0.919448,-1,0
2,DD,167,0.011992804,-0.02778333,-0.009194483,0.040838992,0.031950635,0.278190295,43.73,43.92,44.37,46.37,-0.0022644,4.9697,2,1
2,DD,174,0.05010101,-0.000808081,0.04969697,0.0394437,0.04083759,-0.034132535,45.84,43.73,43.92,44.37,0.013525,5.05304,2,1
2,DIS,90,0.006714517,-0.019217411,-0.007872193,0.017971001,0.021428355,-0.161344804,81.38,81.6,78.3,81.53,0.0394,-2.58922,-2,0
2,DIS,97,0.00419874,-0.034289713,-0.025892232,0.021052634,0.018397807,0.144301284,77.47,81.38,81.6,78.3,-0.024959,-0.574713,-1,0
2,DIS,104,0.006226054,-0.022030651,-0.005747126,0.022002803,0.021051205,0.045203952,77.03,77.47,81.38,81.6,-0.041279,3.17305,2,1
2,DIS,110,0.036368074,-0.012692214,0.031730535,0.013104693,0.022003206,-0.404418909,78.42,77.03,77.47,81.38,0.0091955,1.79499,2,1
2,DIS,118,0.023854511,-0.014879547,0.017949929,0.016236395,0.013104665,0.238978189,79.96,78.42,77.03,77.47,0.021823,-0.943179,-1,0
2,DIS,125,0.007361399,-0.026915114,-0.009431792,0.018712708,0.015936322,0.174217487,81.39,79.96,78.42,77.03,0.018778,-4.15512,-2,0
2,DIS,132,0.018467221,-0.054939982,-0.041551247,0.041718453,0.018712508,1.229442017,78.48,81.39,79.96,78.42,-0.00043003,0.581677,1,1
2,DIS,139,0.014057198,-0.014057198,0.005816772,0.026976504,0.041719621,-0.353385684,78.44,78.48,81.39,79.96,-0.032887,0.899149,1,1
2,DIS,146,0.008991495,-0.014580802,0.008991495,0.018332365,0.026975749,-0.320413115,78.48,78.44,78.48,81.39,0.0057132,-6.01432,-2,0
2,DIS,153,0.002147971,-0.065155131,-0.060143198,0.027602098,0.018333604,0.505546783,74.43,78.48,78.44,78.48,-0.016692,-1.73558,-2,0
2,DIS,160,0.017866258,-0.019397652,-0.017355794,0.025976795,0.027600869,-0.058841412,72.77,74.43,78.48,78.44,-0.05014,-1.52731,-2,0
2,DIS,167,0.005953922,-0.02226249,-0.015273104,0.028841595,0.02597699,0.110274692,71.9,72.77,74.43,78.48,-0.012721,-0.713342,-1,0
2,DIS,174,0.027476882,-0.017437252,-0.007133421,0.026670268,0.028841817,-0.075291664,71.03,71.9,72.77,74.43,-0.0099198,5.58214,2,1
2,GE,90,0.034830893,-0.014134276,0.026754165,0.019603311,0.021481804,-0.087445752,215.71,209.72,204.41,216.19,0.038785,-2.60492,-2,0
2,GE,97,0.000964785,-0.031837916,-0.026049204,0.022500048,0.01960324,0.147771903,214.12,215.71,209.72,204.41,0.016581,-0.988142,-1,0
2,GE,104,0.006422925,-0.031620553,-0.009881423,0.020019814,0.022499965,-0.110229069,212.53,214.12,215.71,209.72,-0.013228,0.91047,1,1
2,GE,110,0.038947901,-0.013151239,0.009104704,0.017239624,0.020019391,-0.13885371,211.58,212.53,214.12,215.71,-0.006382,1.53923,2,1
2,GE,118,0.035253227,-0.012413108,0.015392254,0.02642989,0.017239843,0.533070198,216.88,211.58,212.53,214.12,0.0057174,-3.33333,-2,0
2,GE,125,0.000483092,-0.042995169,-0.033333333,0.022175924,0.026430343,-0.160967206,212.21,216.88,211.58,212.53,0.013917,-0.400601,-1,0
2,GE,132,0.022533801,-0.010515774,-0.004006009,0.018429309,0.022175648,-0.168939336,210.94,212.21,216.88,211.58,-0.023969,-1.15869,-2,0
2,GE,139,0.010075567,-0.022166247,-0.011586902,0.021526367,0.018429004,0.168069979,208.08,210.94,212.21,216.88,-0.0056867,0.621118,1,1
2,GE,146,0.010351967,-0.018115942,0.00621118,0.015973987,0.021526472,-0.257937532,206.17,208.08,210.94,212.21,-0.013234,-4.36992,-2,0
2,GE,153,0.00203252,-0.047256098,-0.043699187,0.019573062,0.015974357,0.225280147,199.59,206.17,208.08,210.94,-0.015684,-2.08445,-2,0
2,GE,160,0.004810262,-0.030464992,-0.020844468,0.024600697,0.0195728,0.25688187,194.29,199.59,206.17,208.08,-0.033313,0.983069,1,1
2,GE,167,0.032222829,-0.006007646,0.009830694,0.024702967,0.024601062,0.004142281,196.09,194.29,199.59,206.17,-0.013193,-2.01745,-2,0
2,GE,174,0.032715376,-0.020174482,-0.020174482,0.027908187,0.024702358,0.129778258,190.58,196.09,194.29,199.59,0.0027389,6.66667,2,1
2,HD,90,0.010945008,-0.022423919,0.002669514,0.032603787,0.024869957,0.310970795,60.92,60.7,58.39,60.28,0.037973,-0.0533618,0,0
2,HD,97,0.01280683,-0.007203842,-0.000533618,0.028989843,0.03260261,-0.110812192,60.76,60.92,60.7,58.39,-0.0041858,1.92256,2,1
2,HD,104,0.025367156,-0.007476636,0.019225634,0.026500784,0.028990601,-0.08588358,61.91,60.76,60.92,60.7,0.0034459,0.265252,1,1
2,HD,110,0.021220159,-0.013262599,0.00265252,0.014914402,0.026500731,-0.43720792,61.31,61.91,60.76,60.92,0.01268,-1.22308,-2,0
2,HD,118,0.002658867,-0.017814411,-0.01223079,0.037617978,0.014913344,1.522437501,60.26,61.31,61.91,60.76,-0.016825,-1.20192,-2,0
2,HD,125,0.006143162,-0.017895299,-0.012019231,0.03281568,0.038184678,-0.140606084,59.11,60.26,61.31,61.91,-0.01871,0.216626,1,1
2,HD,132,0.013539128,-0.006227999,0.00216626,0.025903201,0.032816768,-0.210671781,59.14,59.11,60.26,61.31,-0.012613,0.981194,1,1
2,HD,139,0.034069229,-0.003815754,0.009811938,0.033401193,0.02590054,0.289594452,59.21,59.14,59.11,60.26,0.0039827,0,0,0
2,HD,146,0.027777778,0,0,0.02554529,0.033524719,-0.238016282,57.32,59.21,59.14,59.11,-0.0097393,-4.28413,-2,0
2,HD,153,0.002763958,-0.048369265,-0.042841349,0.024686601,0.025544667,-0.033590806,55.14,57.32,59.21,59.14,-0.03907,-3.06979,-2,0
2,HD,160,0.014190559,-0.03214596,-0.030697944,0.028644305,0.02468798,0.160253079,53.29,55.14,57.32,59.21,-0.035777,3.19785,2,1
2,HD,167,0.043933054,-0.001494322,0.031978482,0.047918146,0.028643108,0.672938097,54.98,53.29,55.14,57.32,-0.010729,2.30388,2,1
2,HD,174,0.04082823,-0.00029163,0.023038787,0.041081669,0.047914485,-0.142604379,55.86,54.98,53.29,55.14,0.035983,4.85298,2,1
2,HPQ,90,0.009665252,-0.113625648,-0.033946252,0.091680764,0.079485889,0.153421891,40.26,41.78,40.59,41,0.013244,0.123001,1,1
2,HPQ,97,0.028290283,-0.011070111,0.001230012,0.08922952,0.091669117,-0.026613075,39.99,40.26,41.78,40.59,-0.037219,-1.10538,-2,0
2,HPQ,104,0.020633751,-0.014492754,-0.011053795,0.141133832,0.175957747,-0.197910664,20.06,39.99,40.26,41.78,-0.15833,2.57758,2,1
2,HPQ,110,0.030780781,-0.02002002,0.025775776,0.089077228,0.135454859,-0.342384402,21.28,20.06,39.99,40.26,-0.40131,-1.68047,-2,0
2,HPQ,118,0.005845105,-0.026059425,-0.016804676,0.139003997,0.078047316,0.781022137,23.92,21.28,20.06,39.99,0.13049,0.294913,1,1
2,HPQ,125,0.020398132,-0.021872696,0.002949128,0.121684642,0.142666177,-0.147067337,23.56,23.92,21.28,20.06,0.078456,-0.931601,-1,0
2,HPQ,132,0.023290022,-0.013974013,-0.009316009,0.108269403,0.119780181,-0.096099189,23.7,23.56,23.92,21.28,-0.028986,-10.4975,-2,0
2,HPQ,139,0.003482587,-0.106716418,-0.104975124,0.35558891,0.103802151,2.425641043,22.01,23.7,23.56,23.92,-0.016165,3.87858,2,1
2,HPQ,146,0.038785835,-0.003934795,0.038785835,0.15627333,0.319161786,-0.510363279,25.19,22.01,23.7,23.56,-0.014755,-3.13841,-2,0
2,HPQ,153,0.006437768,-0.034334764,-0.03138412,0.119682934,0.160718497,-0.255325699,23.93,25.19,22.01,23.7,0.099709,-2.05613,-2,0
2,HPQ,160,0.006946374,-0.023617672,-0.020561267,0.105609306,0.11273399,-0.063199081,24.8,23.93,25.19,22.01,-0.051211,-0.370054,-1,0
2,HPQ,167,0.005408483,-0.033589525,-0.003700541,0.207324556,0.11466206,0.808135622,22.68,24.8,23.93,25.19,0.0090644,0.316183,1,1
2,HPQ,174,0.024719747,-0.006898534,0.003161828,0.161933545,0.211678839,-0.235003623,22.15,22.68,24.8,23.93,-0.084207,5.70613,2,1
2,IBM,90,0.017828402,-0.002599975,0.016899839,0.015754873,0.020956308,-0.248203752,198.96,197.78,190.11,198.09,0.040787,-0.225033,-1,0
2,IBM,97,0.002007055,-0.007663301,-0.002250335,0.014543572,0.015754361,-0.076854256,198.7,198.96,197.78,190.11,-0.0019183,1.69481,2,1
2,IBM,104,0.017743514,-0.006975037,0.016948116,0.018315534,0.014544021,0.259317014,201.31,198.7,198.96,197.78,0.0022685,2.21088,2,1
2,IBM,110,0.022108844,-0.014880952,0.022108844,0.019536581,0.018315277,0.066682255,203.82,201.31,198.7,198.96,0.014989,1.74769,2,1
2,IBM,118,0.031911721,-0.002505219,0.017476886,0.0221509,0.019536179,0.13383995,206.61,203.82,201.31,198.7,0.01252,-1.8709,-2,0
2,IBM,125,0.00830864,-0.026785196,-0.018708965,0.024339915,0.022151229,0.098806525,204.56,206.61,203.82,201.31,0.005921,0.908605,1,1
2,IBM,132,0.026011046,-0.003384999,0.00908605,0.019406541,0.024339624,-0.202677038,205.81,204.56,206.61,203.82,-0.0085023,0.206113,1,1
2,IBM,139,0.009422296,-0.019315706,0.002061127,0.021488921,0.019406606,0.10729929,206.1,205.81,204.56,206.61,0.0071633,-0.593472,-1,0
2,IBM,146,0.000593472,-0.015430267,-0.005934718,0.016061245,0.021488728,-0.252573493,202.88,206.1,205.81,204.56,-0.0050461,-2.01259,-2,0
2,IBM,153,0.008608407,-0.025587746,-0.020125861,0.01927824,0.016061446,0.20028048,199.91,202.88,206.1,205.81,-0.018058,-0.958971,-1,0
2,IBM,160,0.007283321,-0.011471231,-0.009589706,0.017046282,0.019278731,-0.115798554,197.64,199.91,202.88,206.1,-0.013076,0,0,0
2,IBM,167,0.004013622,-0.017757237,0,0.024265179,0.017045947,0.423516058,199.17,197.64,199.91,202.88,-0.0043704,0.836897,1,1
2,IBM,174,0.018998167,-0.000671961,0.008368968,0.018976937,0.02426555,-0.217947382,199.93,199.17,197.64,199.91,0.0095367,5.30952,2,1
2,INTC,90,0.010763209,-0.043052838,-0.035225049,0.058564252,0.041756174,0.402529145,108.22,111.79,109.38,114.53,0.01464,1.1622,2,1
2,INTC,97,0.020717534,-0.021728146,0.011622031,0.053661012,0.060228779,-0.109047001,106.83,108.22,111.79,109.38,-0.03435,-1.59442,-2,0
2,INTC,104,0.006477329,-0.032884903,-0.015944195,0.04334512,0.053660623,-0.192235977,105.39,106.83,108.22,111.79,-0.009333,9.88223,2,1
2,INTC,110,0.098822325,-0.004096262,0.098822325,0.056685123,0.043346978,0.307706479,114.51,105.39,106.83,108.22,0.018092,8.32943,2,1
2,INTC,118,0.085166121,-0.001871783,0.083294338,0.088001632,0.057048952,0.542563517,122.74,114.51,105.39,106.83,0.086226,0.999131,1,1
2,INTC,125,0.036490009,-0.01520417,0.009991312,0.096925175,0.088001771,0.101400288,123.27,122.74,114.51,105.39,0.044739,1.21055,2,1
2,INTC,132,0.030263727,-0.02075227,0.012105491,0.065023511,0.096923855,-0.329127897,124.12,123.27,122.74,114.51,-0.00521,-0.428816,-1,0
2,INTC,139,0.027444254,-0.010291595,-0.004288165,0.073100496,0.065024894,0.124192475,123.11,124.12,123.27,122.74,0.0022827,-3.09773,-2,0
2,INTC,146,0.004799302,-0.030977312,-0.030977312,0.039691127,0.073097446,-0.457010753,117.76,123.11,124.12,123.27,-0.02229,-3.20713,-2,0
2,INTC,153,0.008463252,-0.034743875,-0.032071269,0.042056388,0.039692844,0.059545843,115.21,117.76,123.11,124.12,-0.041412,-1.92661,-2,0
2,INTC,160,0.029357798,-0.024770642,-0.019266055,0.047097852,0.042054288,0.119929845,113.36,115.21,117.76,123.11,-0.015027,-1.11993,-2,0
2,INTC,167,0.249650023,-0.01679888,-0.011199253,0.055501984,0.047098939,0.178412625,112.35,113.36,115.21,117.76,-0.012341,0.0471921,0,1
2,INTC,174,0.025955639,-0.006134969,0.000471921,0.058287072,0.055503475,0.050151753,112.4,112.35,113.36,115.21,-0.0044846,6.42419,2,1
2,JNJ,90,0.012716175,-0.000847745,0.008646999,0.017559327,0.017365143,0.011182429,162.72,161.32,160.2,163.26,0.011699,-0.0672269,0,0
2,JNJ,97,0.011428571,-0.004201681,-0.000672269,0.017214446,0.017538616,-0.018483236,162.83,162.72,161.32,160.2,0.0062437,1.71313,2,1
2,JNJ,104,0.023681559,-0.000839772,0.01713134,0.021410605,0.017214687,0.243740551,165.84,162.83,162.72,161.32,0.0051958,5.98842,2,1
2,JNJ,110,0.067659222,-0.005789909,0.059884202,0.026616919,0.02141084,0.243151544,175.45,165.84,162.83,162.72,0.03245,3.25216,2,1
2,JNJ,118,0.036606441,-0.00392773,0.032521603,0.02580864,0.026590084,-0.02938857,180.15,175.45,165.84,162.83,0.050365,-0.986044,-1,0
2,JNJ,125,0.008191748,-0.016990291,-0.009860437,0.02511426,0.025809573,-0.026940142,178.91,180.15,175.45,165.84,0.010556,2.31915,2,1
2,JNJ,132,0.03471049,-0.000614345,0.023191522,0.024092974,0.025114322,-0.040667949,182.61,178.91,180.15,175.45,-0.0031944,-1.08417,-2,0
2,JNJ,139,0.00572203,-0.01701551,-0.010841741,0.019475021,0.024091744,-0.191630914,180.07,182.61,178.91,180.15,0.01338,2.42368,2,1
2,JNJ,146,0.024236846,-0.001687375,0.024236846,0.018191582,0.019475075,-0.065904367,183.03,180.07,182.61,178.91,-0.0095431,-1.81251,-2,0
2,JNJ,153,0.000445699,-0.022433517,-0.018125093,0.017301749,0.018192183,-0.048945946,181.16,183.03,180.07,182.61,0.012384,0.333991,1,1
2,JNJ,160,0.021405799,-0.010475178,0.003339912,0.019055022,0.017301749,0.101335008,181.16,181.16,183.03,180.07,-0.011209,-0.0452352,0,0
2,JNJ,167,0.015681544,-0.012816647,-0.000452352,0.021232765,0.019054836,0.114297991,181.71,181.16,181.16,183.03,0.0027045,-1.54358,-2,0
2,JNJ,174,0.010139225,-0.021035109,-0.015435835,0.020624498,0.021232575,-0.028638879,178.34,181.71,181.16,181.16,-0.0036597,3.22086,2,1
2,JPM,90,0.01691974,-0.012798265,0.005422993,0.028270111,0.029588809,-0.044567462,184.78,182.68,182.21,182.21,0.0059079,1.56114,2,1
2,JPM,97,0.036426713,-0.00151778,0.015611448,0.03058725,0.028270633,0.081944315,186.73,184.78,182.68,182.21,0.012433,-4.48936,-2,0
2,JPM,104,0.00787234,-0.046170213,-0.044893617,0.046660295,0.030586606,0.525514008,178.96,186.73,184.78,182.68,-0.0070423,0.926135,1,1
2,JPM,110,0.015812062,-0.016715609,0.009261351,0.028410678,0.046661031,-0.391126234,178.12,178.96,186.73,184.78,-0.037916,2.19485,2,1
2,JPM,118,0.030683091,-0.006047032,0.021948488,0.026923026,0.028410247,-0.052348056,181.91,178.12,178.96,186.73,0.009952,-1.95908,-2,0
2,JPM,125,0.002829778,-0.025685677,-0.019590771,0.0330216,0.027011463,0.222503176,178.97,181.91,178.12,178.96,0.012744,-3.57542,-2,0
2,JPM,132,0.016759777,-0.039553073,-0.03575419,0.03448117,0.033021587,0.044200846,171.46,178.97,181.91,178.12,-0.030702,0.372353,1,1
2,JPM,139,0.032115429,-0.007447056,0.003723528,0.036517902,0.034479264,0.059126509,171.39,171.46,178.97,181.91,-0.031838,0.919811,1,1
2,JPM,146,0.012264151,-0.016745283,0.009198113,0.030156314,0.036519816,-0.174247919,170.03,171.39,171.46,178.97,0.0041348,-3.86216,-2,0
2,JPM,153,0.003237743,-0.05573543,-0.038621647,0.036536486,0.030154893,0.211627103,165.19,170.03,171.39,171.46,-0.015951,-0.121655,-1,0
2,JPM,160,0.00973236,-0.0243309,-0.001216545,0.049013575,0.0365373,0.341466817,163.12,165.19,170.03,171.39,-0.026236,-1.18673,-2,0
2,JPM,167,0.02785178,-0.038508113,-0.01186728,0.046193079,0.049012541,-0.057525312,162.13,163.12,165.19,170.03,-0.0073418,-2.49383,-2,0
2,JPM,174,0.025432099,-0.02617284,-0.024938272,0.042175059,0.046194361,-0.087008512,156.92,162.13,163.12,165.19,-0.013419,5.53299,2,1
2,KO,90,0.034969325,-0.002607362,0.030981595,0.008584718,0.006526858,0.315291065,307.46,299.27,287.71,297.39,0.045458,0.0743826,0,1
2,KO,97,0.008925915,-0.005355549,0.000743826,0.007001482,0.008584682,-0.184421543,307.69,307.46,299.27,287.71,0.016169,1.13011,2,1
2,KO,104,0.018141264,-0.012490706,0.011301115,0.008875202,0.007001363,0.267639208,311.08,307.69,307.46,299.27,-0.0001393,0.458783,1,1
2,KO,110,0.007103744,-0.013763505,0.004587835,0.004335695,0.008875356,-0.511490568,310.48,311.08,307.69,307.46,0.0083151,-0.721118,-1,0
2,KO,118,0.000441501,-0.031493745,-0.007211185,0.009741778,0.004331329,1.249143146,308.87,310.48,311.08,307.69,-0.0051487,-1.26919,-2,0
2,KO,125,0.002508855,-0.020070838,-0.012691854,0.0074146,0.009741969,-0.238901325,306.3,308.87,310.48,311.08,-0.0067453,1.97427,2,1
2,KO,132,0.028567155,-0.000448699,0.019742746,0.007025579,0.00741461,-0.052468216,312.16,306.3,308.87,310.48,0.00025628,0.293686,1,1
2,KO,139,0.008810573,-0.008810573,0.002936858,0.007102813,0.007025566,0.010995109,312.71,312.16,306.3,308.87,0.017572,-1.59787,-2,0
2,KO,146,0.004586477,-0.019085664,-0.015978695,0.005693233,0.007102685,-0.198439382,304.52,312.71,312.16,306.3,-0.010388,-2.10636,-2,0
2,KO,153,0.004481625,-0.025844039,-0.021063639,0.006812779,0.00569329,0.196633036,300.03,304.52,312.71,312.16,-0.026905,-0.183178,-1,0
2,KO,160,0.038772706,-0.006716532,-0.001831781,0.006644569,0.006812756,-0.024687071,299.39,300.03,304.52,312.71,-0.0082824,0.798771,1,1
2,KO,167,0.017357911,-0.007066052,0.007987711,0.009434332,0.006644637,0.419841682,300.44,299.39,300.03,304.52,0.0018554,-0.673092,-1,0
2,KO,174,0.022181429,-0.014379685,-0.006730916,0.010878443,0.009434359,0.153066418,297.28,300.44,299.39,300.03,-0.00023854,4.99614,2,1
2,MCD,90,0.012574454,-0.009000662,0.005823958,0.017325659,0.023011373,-0.247082759,78.85,78.51,76.15,80.05,0.034104,-0.35382,-1,0
2,MCD,97,0.007862665,-0.008517888,-0.003538199,0.021528092,0.017326073,0.242525797,78.9,78.85,78.51,76.15,-0.0011829,1.61523,2,1
2,MCD,104,0.018253447,-0.004202232,0.016152331,0.02088529,0.021528199,-0.029863592,80.29,78.9,78.85,78.51,0.0055839,0.0260112,0,1
2,MCD,110,0.0197685,-0.00637274,0.000260112,0.017076501,0.020885898,-0.18239089,79.8,80.29,78.9,78.85,0.012289,1.50356,2,1
2,MCD,118,0.018664938,-0.007906675,0.015035645,0.022093555,0.017077049,0.29375719,81.25,79.8,80.29,78.9,-0.0019282,0.382653,1,1
2,MCD,125,0.012372449,-0.00255102,0.003826531,0.025501188,0.022092105,0.154312293,81.66,81.25,79.8,80.29,0.017471,1.61087,2,1
2,MCD,132,0.018248175,-0.00478228,0.016108734,0.025612186,0.025503236,0.00427202,83.77,81.66,81.25,79.8,0.0095897,2.34958,2,1
2,MCD,139,0.029960219,0,0.023495773,0.026810622,0.025612087,0.046795668,85.42,83.77,81.66,81.25,0.026223,0.110389,1,1
2,MCD,146,0.019011407,-0.000490617,0.001103888,0.025663193,0.026808517,-0.042722412,84.69,85.42,83.77,81.66,0.0091314,-1.93596,-2,0
2,MCD,153,0.001461098,-0.025812736,-0.019359552,0.022534837,0.025663002,-0.121893968,83.57,84.69,85.42,83.77,-0.014712,-0.297767,-1,0
2,MCD,160,0.020223325,-0.007444169,-0.002977667,0.030131869,0.022535709,0.337072136,83.38,83.57,84.69,85.42,-0.010244,2.59853,2,1
2,MCD,167,0.028471963,-0.000497327,0.025985329,0.026519385,0.030132282,-0.119901225,85.62,83.38,83.57,84.69,0.0090516,-0.58309,-1,0
2,MCD,174,0.009353741,-0.011175899,-0.005830904,0.027276776,0.026517653,0.028627076,84.92,85.62,83.38,83.57,0.019446,5.07913,2,1
2,MMM,90,0.020666522,-0.005626488,0.00768232,0.021049323,0.021066691,-0.000824427,66.18,65.68,63.34,65.21,0.036693,0.58265,1,1
2,MMM,97,0.015321536,-0.000863185,0.0058265,0.017833701,0.02105058,-0.152816665,66.24,66.18,65.68,63.34,0.00070451,-0.822737,-1,0
2,MMM,104,0.011219147,-0.01966022,-0.008227375,0.021636671,0.017832557,0.213324106,65.96,66.24,66.18,65.68,-0.0019122,2.15358,2,1
2,MMM,110,0.026974114,-0.014792256,0.021535784,0.013676873,0.021637218,-0.367900577,66.74,65.96,66.24,66.18,0.00024973,3.514,2,1
2,MMM,118,0.038228091,-0.006815036,0.035140028,0.029066762,0.013676455,1.125314093,69.08,66.74,65.96,66.24,0.021376,-2.0291,-2,0
2,MMM,125,0.003791761,-0.032588645,-0.020291043,0.023968951,0.029069283,-0.17545436,67.93,69.08,66.74,65.96,0.020797,0.745016,1,1
2,MMM,132,0.019727177,-0.009024134,0.007450157,0.022035845,0.023969419,-0.080668378,68.22,67.93,69.08,66.74,-0.018119,-2.07243,-2,0
2,MMM,139,0.007222106,-0.029202428,-0.020724304,0.023357189,0.022035563,0.059976979,66.48,68.22,67.93,69.08,-0.0021231,1.27858,2,1
2,MMM,146,0.012785784,-0.009860223,0.012785784,0.016458409,0.0233558,-0.295318114,66.42,66.48,68.22,67.93,-0.022256,-3.56194,-2,0
2,MMM,153,0.006698565,-0.041041999,-0.035619351,0.017579732,0.016458826,0.068103621,64.45,66.42,66.48,68.22,-0.0061077,0.387254,1,1
2,MMM,160,0.022682009,-0.001549015,0.003872538,0.020736476,0.017580091,0.179543163,64.47,64.45,66.42,66.48,-0.024443,0.702216,1,1
2,MMM,167,0.020298442,-0.006144393,0.007022164,0.02188246,0.020735235,0.055327304,65.22,64.47,64.45,66.42,0.0089581,-0.579742,-1,0
2,MMM,174,0.027346314,-0.008094509,-0.005797419,0.021288397,0.02188502,-0.027261702,64.58,65.22,64.47,64.45,0.0062609,6.13746,2,1
2,MRK,90,0.028887523,-0.004609711,0.016287646,0.019560324,0.021435759,-0.087490967,102.03,100.42,98.38,100.91,0.026054,0.989802,1,1
2,MRK,97,0.01079784,-0.00989802,0.00989802,0.02100295,0.019560543,0.073740652,103.88,102.03,100.42,98.38,0.015579,2.46437,2,1
2,MRK,104,0.038301663,-0.012173397,0.024643705,0.027723936,0.021003266,0.319982175,106.47,103.88,102.03,100.42,0.020068,-0.467836,-1,0
2,MRK,110,0.002631579,-0.020175439,-0.004678363,0.015307417,0.027723926,-0.447862577,105.02,106.47,103.88,102.03,0.012836,6.67656,2,1
2,MRK,118,0.075667656,-0.002077151,0.066765579,0.027202263,0.015300894,0.777821741,110.96,105.02,106.47,103.88,0.0030642,-0.137212,-1,0
2,MRK,125,0.008507135,-0.013446762,-0.001372119,0.026829338,0.027201794,-0.013692337,112.32,110.96,105.02,106.47,0.050258,2.68624,2,1
2,MRK,132,0.03295486,-0.000276932,0.026862365,0.019339769,0.026829274,-0.279154226,114.45,112.32,110.96,105.02,0.0074559,0,0,0
2,MRK,139,0.01592013,-0.00998381,0,0.024244473,0.019339476,0.253626163,114.39,114.45,112.32,110.96,0.013354,-1.25443,-2,0
2,MRK,146,0.010089992,-0.015544041,-0.012544314,0.016981366,0.024243687,-0.299555134,111.77,114.39,114.45,112.32,-0.011169,-1.56636,-2,0
2,MRK,153,0.010167628,-0.017312448,-0.015663644,0.015086399,0.016982315,-0.111640629,110.56,111.77,114.39,114.45,-0.022513,-0.70028,-1,0
2,MRK,160,0.019047619,-0.00952381,-0.007002801,0.018551008,0.01508612,0.229673888,109.42,110.56,111.77,114.39,-0.0083195,1.02769,2,1
2,MRK,167,0.024264916,-0.001141878,0.010276906,0.018770177,0.018551824,0.01176986,109.23,109.42,110.56,111.77,-0.0072619,-2.09691,-2,0
2,MRK,174,0.019268915,-0.022385945,-0.020969113,0.020464083,0.018769714,0.090271457,106.64,109.23,109.42,110.56,-0.0075223,2.89017,2,1
2,MSFT,90,0.00233827,-0.014029618,-0.007014809,0.030618696,0.02580324,0.186622127,214.82,215.27,208.38,215.77,0.031623,2.43615,2,1
2,MSFT,97,0.033791749,-0.001571709,0.024361493,0.030926975,0.030617895,0.010094774,219.8,214.82,215.27,208.38,0.00062178,-3.13097,-2,0
2,MSFT,104,0.002290951,-0.042000764,-0.03130966,0.027244512,0.030928161,-0.119103368,213.89,219.8,214.82,215.27,0.010259,1.67331,2,1
2,MSFT,110,0.035856574,-0.015139442,0.016733068,0.018801694,0.027238768,-0.309745056,215.2,213.89,219.8,214.82,-0.024196,1.40845,2,1
2,MSFT,118,0.051251956,-0.008607199,0.014084507,0.065800836,0.018801095,2.499840555,218.58,215.2,213.89,219.8,0.014574,-0.269854,-1,0
2,MSFT,125,0.011950655,-0.017733231,-0.002698535,0.041107421,0.065800341,-0.375270391,218.16,218.58,215.2,213.89,0.011247,-2.9845,-2,0
2,MSFT,132,0.00620155,-0.032945736,-0.029844961,0.045334744,0.041108655,0.102802906,211.07,218.16,218.58,215.2,-0.014991,-1.88301,-2,0
2,MSFT,139,0.004407051,-0.028445513,-0.018830128,0.03693457,0.045333943,-0.185277795,206.52,211.07,218.16,218.58,-0.033649,2.27179,2,1
2,MSFT,146,0.033870302,-0.007434944,0.022717885,0.025295524,0.036934016,-0.315115792,208.8,206.52,211.07,218.16,-0.00848,-4.24679,-2,0
2,MSFT,153,0.005608974,-0.044871795,-0.042467949,0.029214702,0.025290211,0.155178285,201.59,208.8,206.52,211.07,0.0012081,-0.83682,-1,0
2,MSFT,160,0.014644351,-0.008786611,-0.008368201,0.027305075,0.029215149,-0.065379556,199.9,201.59,208.8,206.52,-0.033293,1.97562,2,1
2,MSFT,167,0.221101303,-0.005884826,0.0197562,0.033254648,0.027310865,0.217634376,204.58,199.9,201.59,208.8,0.0064815,0.537857,1,1
2,MSFT,174,0.028547787,-0.000413736,0.005378568,0.036666554,0.033254212,0.102613832,204.92,204.58,199.9,201.59,0.020959,7.38754,2,1
2,PFE,90,0.007345739,-0.015181195,-0.001958864,0.021316124,0.027005892,-0.21068618,162.94,162.7,161.34,155.67,0.0016468,-0.437956,-1,0
2,PFE,97,0.002919708,-0.01946472,-0.004379562,0.024909965,0.021316073,0.168600096,163.58,162.94,162.7,161.34,0.0011411,-0.0973236,0,0
2,PFE,104,0.00973236,-0.010705596,-0.000973236,0.026201181,0.024909913,0.051837519,164.14,163.58,162.94,162.7,0.0041428,-2.60827,-2,0
2,PFE,110,0.027559055,-0.026082677,-0.026082677,0.017927523,0.026200122,-0.315746573,158.23,164.14,163.58,162.94,-0.0098087,5.11278,2,1
2,PFE,118,0.055639098,-0.002506266,0.05112782,0.025738168,0.017928019,0.435639302,167.66,158.23,164.14,163.58,-0.011183,-2.79092,-2,0
2,PFE,125,0.002838221,-0.050614948,-0.027909177,0.034267476,0.025738482,0.331371274,164.3,167.66,158.23,164.14,0.046065,1.89966,2,1
2,PFE,132,0.022406235,-0.003896736,0.01899659,0.02280232,0.034675517,-0.342408664,165.29,164.3,167.66,158.23,-0.024106,-0.71977,-1,0
2,PFE,139,0.021113244,-0.007677543,-0.007197697,0.031529646,0.022802705,0.382715211,163.47,165.29,164.3,167.66,0.0046423,2.14739,2,1
2,PFE,146,0.023914104,-0.006832601,0.02147389,0.0205731,0.031528926,-0.347484917,165.37,163.47,165.29,164.3,-0.0063393,-0.761905,-1,0
2,PFE,153,0.021428571,-0.016190476,-0.007619048,0.021391074,0.020572962,0.039766338,164.66,165.37,163.47,165.29,0.0099776,-3.41018,-2,0
2,PFE,160,0.007204611,-0.037463977,-0.034101825,0.024829796,0.021391364,0.160739259,158.89,164.66,165.37,163.47,-0.017123,0.896414,1,1
2,PFE,167,0.032370518,-0.00249004,0.008964143,0.029029778,0.024829045,0.16918624,160.08,158.89,164.66,165.37,-0.025962,-0.049776,0,0
2,PFE,174,0.043305127,-0.00049776,-0.00049776,0.032812434,0.0290312,0.130247252,158.65,160.08,158.89,164.66,0.008968,3.23383,2,1
2,PG,90,0.019973805,-0.007694826,0.016371971,0.0155679,0.014814634,0.050846125,173.28,170.51,169.73,172.22,0.011475,-0.434293,-1,0
2,PG,97,0.002573589,-0.01125945,-0.004342931,0.013897611,0.015567682,-0.107278066,172.78,173.28,170.51,169.73,0.011609,3.48275,2,1
2,PG,104,0.03531119,-0.00193486,0.034827475,0.018599488,0.013897154,0.33836669,179.15,172.78,173.28,170.51,0.0069495,-0.628239,-1,0
2,PG,110,0.010523009,-0.006282394,-0.006282394,0.010563748,0.018599473,-0.432040461,176.61,179.15,172.78,173.28,0.02537,2.88523,2,1
2,PG,118,0.032022828,-0.007609385,0.028852251,0.019183252,0.010564327,0.815851708,181.15,176.61,179.15,172.78,-0.0091913,0.0459841,0,1
2,PG,125,0.019313305,-0.005211527,0.000459841,0.019720532,0.019182489,0.028048661,182.19,181.15,176.61,179.15,0.024992,2.97243,2,1
2,PG,132,0.036654859,-0.001078084,0.029724318,0.017796841,0.019720343,-0.097538972,186.63,182.19,181.15,176.61,0.0085195,1.0501,2,1
2,PG,139,0.01590159,-0.002250225,0.01050105,0.017102798,0.017797378,-0.03902714,188.02,186.63,182.19,181.15,0.021221,-0.898204,-1,0
2,PG,146,0.005988024,-0.016467066,-0.008982036,0.013296701,0.017102994,-0.222551302,184.78,188.02,186.63,182.19,-0.0035191,-1.35685,-2,0
2,PG,153,0.01010101,-0.147143073,-0.013568521,0.013367771,0.013296755,0.005340884,182.63,184.78,188.02,186.63,-0.019404,-1.00979,-2,0
2,PG,160,0.004283966,-0.010862913,-0.010097919,0.017410737,0.013367209,0.30249607,180.6,182.63,184.78,188.02,-0.010256,0.0618716,0,1
2,PG,167,0.008816705,-0.020417633,0.000618716,0.016788206,0.017410939,-0.03576674,180.57,180.6,182.63,184.78,-0.0072699,-2.97628,-2,0
2,PG,174,0.012091149,-0.032088048,-0.029762827,0.018996316,0.016788037,0.131538831,174.71,180.57,180.6,182.63,-0.0089799,2.40599,2,1
2,T,90,0.067195038,-0.004135079,0.05513439,0.064930973,0.028573032,1.272456535,181.22,170.54,165.17,168.24,0.047162,-0.0975927,0,0
2,T,97,0.008458035,-0.024398178,-0.000975927,0.02504218,0.06493192,-0.614331752,181.75,181.22,170.54,165.17,0.045016,-0.325203,-1,0
2,T,104,0.002926829,-0.024065041,-0.003252033,0.018262663,0.025042857,-0.270743636,181.39,181.75,181.22,170.54,-0.0080238,0.854701,1,1
2,T,110,0.008547009,-0.016765286,0.008547009,0.012937052,0.018262416,-0.291602358,181.57,181.39,181.75,181.22,-0.0018065,1.46723,2,1
2,T,118,0.037495924,-0.007825236,0.014672318,0.018970166,0.012928909,0.467267291,184.29,181.57,181.39,181.75,0.0060593,-1.07595,-2,0
2,T,125,0.010759494,-0.018037975,-0.010759494,0.026347794,0.01897007,0.388913869,185.12,184.29,181.57,181.39,0.013577,0.673077,1,1
2,T,132,0.018910256,-0.004807692,0.006730769,0.015623709,0.026347552,-0.407014786,186.01,185.12,184.29,181.57,0.0028762,0,0,0
2,T,139,0.014367816,-0.013409962,0,0.017314818,0.015623458,0.10825774,185.48,186.01,185.12,184.29,0.0022938,0.935484,1,1
2,T,146,0.009677419,-0.002580645,0.009354839,0.012471212,0.017315036,-0.279746671,185.3,185.48,186.01,185.12,-0.0034944,-2.63659,-2,0
2,T,153,0.005400254,-0.030495553,-0.026365947,0.014367715,0.012471206,0.152071023,181.51,185.3,185.48,186.01,-0.0071233,-0.687398,-1,0
2,T,160,0.001963993,-0.014402619,-0.006873977,0.016085365,0.014368049,0.119523265,179.67,181.51,185.3,185.48,-0.020173,1.61823,2,1
2,T,167,0.022126816,-0.003632761,0.016182299,0.019335486,0.016085048,0.202078247,182.22,179.67,181.51,185.3,-0.00027883,-0.717547,-1,0
2,T,174,0.021852577,-0.012067841,-0.007175473,0.019594915,0.019335029,0.013441167,180.27,182.22,179.67,181.51,0.0097776,3.36052,2,1
2,TRV,90,0.01556947,-0.012184803,0.010492469,0.039510266,0.033605837,0.17569654,25.1,25.42,25.03,25.38,0.010884,-0.417851,-1,0
2,TRV,97,0.002841384,-0.012034097,-0.004178506,0.02928358,0.039518712,-0.258994588,25.04,25.1,25.42,25.03,-0.013834,-0.0835422,0,0
2,TRV,104,0.016708438,-0.014202172,-0.000835422,0.036905913,0.029379976,0.256158689,25.05,25.04,25.1,25.42,0.00026226,3.37154,2,1
2,TRV,110,0.033715442,-0.021072151,0.033715442,0.024193187,0.036901204,-0.344379479,25.69,25.05,25.04,25.1,0.0090178,3.19635,2,1
2,TRV,118,0.033431181,-0.006686236,0.03196347,0.03830405,0.024194228,0.583189568,26.51,25.69,25.05,25.04,0.030366,-0.204531,-1,0
2,TRV,125,0.009597231,-0.011170548,-0.002045312,0.034223765,0.038308144,-0.106619072,26.57,26.51,25.69,25.05,0.022456,-1.42338,-2,0
2,TRV,132,0.013601139,-0.016606041,-0.01423375,0.034348146,0.034222748,0.003664161,26.11,26.57,26.51,25.69,-0.0090327,-0.431862,-1,0
2,TRV,139,0.00943698,-0.006238004,-0.004318618,0.02816551,0.034356694,-0.180203133,26.07,26.11,26.57,26.51,-0.015305,-0.356333,-1,0
2,TRV,146,0.004211208,-0.022351798,-0.00356333,0.029469753,0.028159258,0.046538703,25.77,26.07,26.11,26.57,-0.0021327,-1.24294,-2,0
2,TRV,153,0.004842615,-0.021953188,-0.012429379,0.032310182,0.029466969,0.096488153,25.63,25.77,26.07,26.11,-0.011107,-3.48818,-2,0
2,TRV,160,0.005378973,-0.043031785,-0.034881826,0.043194416,0.032316321,0.336613023,24.8,25.63,25.77,26.07,-0.01317,-2.02977,-2,0
2,TRV,167,0.00338295,-0.029769959,-0.0202977,0.049295466,0.043193857,0.141261046,24.26,24.8,25.63,25.77,-0.032919,-1.54594,-2,0
2,TRV,174,0.012332812,-0.025186729,-0.015459441,0.050041349,0.049296757,0.015104286,23.74,24.26,24.8,25.63,-0.018923,4.01197,2,1
2,UTX,90,0.026268657,-0.005850746,0.018746269,0.017824573,0.020794883,-0.142838528,78.09,76.88,73.78,74.81,0.040445,-0.992295,-1,0
2,UTX,97,0.00396918,-0.017277609,-0.009922951,0.012773719,0.017825312,-0.28339435,77.62,78.09,76.88,73.78,0.0042899,-1.82353,-2,0
2,UTX,104,0.006588235,-0.027058824,-0.018235294,0.01859283,0.012772933,0.455643039,76.38,77.62,78.09,76.88,-0.012891,5.44794,2,1
2,UTX,110,0.054479419,-0.018159806,0.054479419,0.018420412,0.018593009,-0.009282908,79.72,76.38,77.62,78.09,0.0019861,2.96552,2,1
2,UTX,118,0.032183908,-0.00816092,0.029655172,0.022725529,0.018420383,0.233716459,81.99,79.72,76.38,77.62,0.045697,-0.910807,-1,0
2,UTX,125,0.007108742,-0.046984339,-0.009108075,0.023815764,0.022725905,0.047956675,81.65,81.99,79.72,76.38,0.0149,0.112511,1,1
2,UTX,132,0.014626463,-0.005963096,0.001125113,0.019033493,0.023815615,-0.20079776,81.44,81.65,81.99,79.72,-0.0089239,-1.08524,-2,0
2,UTX,139,0.00893059,-0.020461225,-0.010852363,0.02405935,0.019032403,0.264125752,80.09,81.44,81.65,81.99,-0.0069317,-0.0925819,0,0
2,UTX,146,0.003587548,-0.013887282,-0.000925819,0.016496629,0.024062116,-0.31441485,79.01,80.09,81.44,81.65,-0.017759,-4.32184,-2,0
2,UTX,153,0.00908046,-0.052528736,-0.043218391,0.023139433,0.016494898,0.402823644,76.19,79.01,80.09,81.44,-0.019831,-0.277342,-1,0
2,UTX,160,0.019172796,-0.00397926,-0.002773423,0.021972362,0.023141186,-0.050508408,75.69,76.19,79.01,80.09,-0.029176,1.98987,2,1
2,UTX,167,0.028219971,-0.004823927,0.019898698,0.024119813,0.021972785,0.097713056,77.4,75.69,76.19,79.01,0.0078893,-0.0355619,0,0
2,UTX,174,0.021929825,-0.007942153,-0.000355619,0.022699845,0.024119922,-0.05887567,77.18,77.4,75.69,76.19,0.01854,7.28485,2,1
2,VZ,90,0.040331197,-0.000534188,0.027510684,0.034205762,0.028139046,0.215597794,108.83,105.46,101.36,101.39,0.041762,-2.10226,-2,0
2,VZ,97,0.004412146,-0.032961329,-0.02102258,0.022067702,0.034205211,-0.35484386,106.71,108.83,105.46,101.36,0.013033,0.264901,1,1
2,VZ,104,0.006622517,-0.010860927,0.002649007,0.0195668,0.022067242,-0.113310162,107.08,106.71,108.83,105.46,-0.020261,-1.83511,-2,0
2,VZ,110,0.010638298,-0.018351064,-0.018351064,0.013338477,0.019566927,-0.318315185,104.42,107.08,106.71,108.83,-0.0020674,1.9153,2,1
2,VZ,118,0.036417588,-0.006743998,0.019152954,0.024153577,0.013338636,0.810798207,106.88,104.42,107.08,106.71,-0.013619,-2.73937,-2,0
2,VZ,125,0,-0.037307592,-0.027393686,0.029790549,0.024152546,0.233433083,105.47,106.88,104.42,107.08,0.018896,-0.0536481,0,0
2,VZ,132,0.010729614,-0.008851931,-0.000536481,0.017998241,0.029791515,-0.395860167,105.41,105.47,106.88,104.42,-0.015017,-0.295223,-1,0
2,VZ,139,0.004025765,-0.012345679,-0.002952228,0.018827363,0.017998036,0.046078765,105.1,105.41,105.47,106.88,0.0007641,-0.217687,-1,0
2,VZ,146,0.007619048,-0.013877551,-0.002176871,0.01534107,0.018827735,-0.185187697,103.74,105.1,105.41,105.47,-0.0066528,-3.46789,-2,0
2,VZ,153,0.002167434,-0.035491737,-0.034678949,0.017735191,0.015340739,0.15608455,100.8,103.74,105.1,105.41,-0.019559,-1.06832,-2,0
2,VZ,160,0.01602474,-0.011526567,-0.01068316,0.025484371,0.017734337,0.437007264,99.56,100.8,103.74,105.1,-0.025087,0.794777,1,1
2,VZ,167,0.01958558,-0.008231621,0.007947772,0.024596812,0.025485728,-0.034878963,100.46,99.56,100.8,103.74,-0.0023456,1.83876,2,1
2,VZ,174,0.023196605,-0.004243281,0.018387553,0.029116429,0.024595904,0.183791771,101.85,100.46,99.56,100.8,0.013942,5,2,1
2,WMT,90,0.008220226,-0.008029058,-0.003441025,0.012751637,0.01529104,-0.16607132,182,182.76,181.14,184.91,0.0093289,0.439686,1,1
2,WMT,97,0.017778627,-0.004779201,0.004396865,0.01385817,0.012751736,0.086767304,183.43,182,182.76,181.14,-0.002326,1.92234,2,1
2,WMT,104,0.027027027,-0.002664636,0.019223449,0.013079717,0.013858626,-0.056203883,186.95,183.43,182,182.76,0.013328,0.941974,1,1
2,WMT,110,0.016390354,-0.003202713,0.009419744,0.00660899,0.013079349,-0.494700402,187.06,186.95,183.43,182,0.014603,2.57463,2,1
2,WMT,118,0.029104478,-0.006902985,0.025746269,0.013507706,0.006608911,1.043862543,191.95,187.06,186.95,183.43,0.005913,-0.108932,-1,0
2,WMT,125,0.012890341,-0.034132171,-0.001089325,0.013414729,0.013555669,-0.010397094,191.41,191.95,187.06,186.95,0.020196,1.36438,2,1
2,WMT,132,0.019283245,-0.00491177,0.013643806,0.012259061,0.0134144,-0.086126755,193.85,191.41,191.95,187.06,-0.00233,-0.575436,-1,0
2,WMT,139,0.015464844,-0.011868369,-0.005754361,0.016296923,0.012259318,0.329349853,192.35,193.85,191.41,191.95,0.0083742,-0.364299,-1,0
2,WMT,146,0.010928962,-0.014571949,-0.003642987,0.010221643,0.016296703,-0.372778466,190.3,192.35,193.85,191.41,-0.012071,-2.22303,-2,0
2,WMT,153,0.006195335,-0.033527697,-0.022230321,0.013867413,0.010240396,0.354187173,186.34,190.3,192.35,193.85,-0.014332,-2.1166,-2,0
2,WMT,160,0.008169328,-0.021722986,-0.021165986,0.016917627,0.013867848,0.219917223,183.07,186.34,190.3,192.35,-0.021047,-0.1701,-1,0
2,WMT,167,0.007182007,-0.021168021,-0.001701002,0.019869141,0.016917373,0.17448141,183.42,183.07,186.34,190.3,-0.010238,-0.550285,-1,0
2,WMT,174,0.018975332,-0.006641366,-0.005502846,0.021771042,0.019868732,0.095743918,182,183.42,183.07,186.34,0.0019498,2.27446,2,1
2,XOM,90,0.012878607,-0.014905795,0.009778202,0.015746678,0.016923113,-0.069516448,417.14,414.64,400.9,407.2,0.031964,2.0057,2,1
2,XOM,97,0.023261334,-0.002254925,0.020056967,0.015339982,0.015746533,-0.025818471,423.4,417.14,414.64,400.9,0.0044402,-1.93136,-2,0
2,XOM,104,0.002326934,-0.041535777,-0.019313554,0.016454464,0.01534008,0.072645252,415.22,423.4,417.14,414.64,0.0048969,3.91048,2,1
2,XOM,110,0.039104801,-0.008061605,0.039104801,0.008805851,0.016454348,-0.46483134,425.42,415.22,423.4,417.14,-0.010484,1.95851,2,1
2,XOM,118,0.019816897,-0.004635531,0.01958512,0.016564127,0.008805858,0.881035,433.4,425.42,415.22,423.4,0.028896,-6.14075,-2,0
2,XOM,125,0.000340522,-0.073893303,-0.061407491,0.023102583,0.01656416,0.394733141,407.34,433.4,425.42,415.22,-0.0086218,-2.578,-2,0
2,XOM,132,0.009035056,-0.043247801,-0.025780027,0.020234877,0.023102843,-0.124139095,398.37,407.34,433.4,425.42,-0.060075,1.68287,2,1
2,XOM,139,0.029419097,-0.007728746,0.016828721,0.017612157,0.020234788,-0.129610015,401.82,398.37,407.34,433.4,-0.0045724,3.00424,2,1
2,XOM,146,0.030042383,-0.001869858,0.030042383,0.013851011,0.017612228,-0.213557135,407.04,401.82,398.37,407.34,0.015,-2.52161,-2,0
2,XOM,153,0.005643612,-0.037223823,-0.025216138,0.015959167,0.013850915,0.152210316,399.9,407.04,401.82,398.37,0.0034272,-1.42098,-2,0
2,XOM,160,0.011614976,-0.014951192,-0.014209811,0.018753546,0.015959308,0.175085191,393,399.9,407.04,401.82,-0.022406,-1.225,-2,0
2,XOM,167,0.01025,-0.020875,-0.01225,0.020405901,0.018753364,0.088119524,389.26,393,399.9,407.04,-0.014266,-2.37762,-2,0
2,XOM,174,0.031404959,-0.023776224,-0.023776224,0.024092418,0.0204062,0.180642042,378.22,389.26,393,399.9,-0.01412,6.67274,2,1
